<?xml version="1.0"?>
<WadSounds>
    <SoundInfos>
        <WadSoundInfo>
            <Id>15</Id>
            <Name>LARAWETFEET</Name>
            <Volume>85</Volume>
            <Chance>100</Chance>
            <DisablePanning>false</DisablePanning>
            <RandomizePitch>true</RandomizePitch>
            <RandomizeVolume>true</RandomizeVolume>
            <LoopBehaviour>None</LoopBehaviour>
            <Samples>
                <WadSample>
                    <FileName>LaraWetFeet_s0.wav</FileName>
                </WadSample>
                <WadSample>
                    <FileName>LaraWetFeet_s1.wav</FileName>
                </WadSample>
                <WadSample>
                    <FileName>LaraWetFeet_s2.wav</FileName>
                </WadSample>
                <WadSample>
                    <FileName>LaraWetFeet_s3.wav</FileName>
                </WadSample>
            </Samples>
            <Global>true</Global>
            <Indexed>true</Indexed>
        </WadSoundInfo>
        <WadSoundInfo>
            <Id>17</Id>
            <Name>LARAWADE</Name>
            <Volume>80</Volume>
            <Chance>100</Chance>
            <DisablePanning>false</DisablePanning>
            <RandomizePitch>true</RandomizePitch>
            <RandomizeVolume>true</RandomizeVolume>
            <LoopBehaviour>None</LoopBehaviour>
            <Samples>
                <WadSample>
                    <FileName>LaraWade_s0.wav</FileName>
                </WadSample>
            </Samples>
            <Global>true</Global>
            <Indexed>true</Indexed>
        </WadSoundInfo>
    </SoundInfos>
</WadSounds>