<?xml version="1.0" encoding="UTF-8" ?>
<moveables>
    <moveable id="0" name="Lara" ten="LARA" />
    <moveable id="1" name="Lara pistol animation" use_body_from="0" hidden="true" ten="PISTOLS_ANIM" />
    <moveable id="2" name="Lara shotgun animation" use_body_from="0" hidden="true" ten="SHOTGUN_ANIM" />
    <moveable id="3" name="Lara magnum animation" use_body_from="0" hidden="true" />
    <moveable id="4" name="Lara Uzi animation" use_body_from="0" hidden="true" ten="UZI_ANIM" />
    <moveable id="5" name="Lara misc animations" use_body_from="0" hidden="true" ten="ANIMATING33" />
    <moveable id="6" name="Lara's evil twin mutant" essential="false" ten="DOPPELGANGER" />
    <moveable id="7" name="Wolf" essential="false" ten="WOLF" />
    <moveable id="8" name="Bear" essential="false" ten="BEAR" />
    <moveable id="9" name="Bat" essential="false" ten="BAT" />
    <moveable id="10" name="Crocodile (on land)" essential="false" ten="CROCODILE" />
    <moveable id="11" name="Crocodile (in water)" essential="false" ten="CROCODILE" />
    <moveable id="12" name="Lion (male)" essential="false" ten="LION" />
    <moveable id="13" name="Lion (female)" essential="false" ten="LION" />
    <moveable id="14" name="Panther" essential="false" ten="LION" />
    <moveable id="15" name="Gorilla" essential="false" ten="APE" />
    <moveable id="16" name="Giant Rat (on land)" essential="false" ten="BIG_RAT" />
    <moveable id="17" name="Giant Rat (in water)" essential="false" ten="BIG_RAT" />
    <moveable id="18" name="Tyrannosaur" essential="false" ten="TYRANNOSAUR" />
    <moveable id="19" name="Raptor" essential="false" ten="RAPTOR" />
    <moveable id="20" name="Winged mutant" essential="false" ten="WINGED_MUMMY" />
    <moveable id="21" name="Mutant with gun spawn point" essential="false" />
    <moveable id="22" name="Mutant spawn point" essential="false" />
    <moveable id="23" name="Centaur mutant" essential="false" ten="CENTAUR_MUTANT" />
    <moveable id="24" name="Mummy" essential="false" ten="MUMMY" />
    <moveable id="25" name="DinoWarrior" essential="false" />
    <moveable id="27" name="Larson" essential="false" ten="LARSON" />
    <moveable id="28" name="Pierre" essential="false" ten="PIERRE" />
    <moveable id="29" name="Skateboard" show_with="30" essential="false" hidden="true" ten="SKATEBOARD" />
    <moveable id="30" name="Skateboard kid" show_with="29" essential="false" ten="SKATEBOARD_KID" />
    <moveable id="31" name="Cowboy" essential="false" ten="COWBOY" />
    <moveable id="32" name="Mr. T" essential="false" ten="KOLD" />
    <moveable id="33" name="Winged Natla (actually, Natla plus a winged mutant)" essential="false" ten="NATLA" />
    <moveable id="34" name="Giant mutant" essential="false" ten="GIANT_MUTANT" />
    <moveable id="35" name="Collapsible floor" essential="false" ten="CRUMBLING_FLOOR" />
    <moveable id="36" name="Swinging blade" essential="false" ten="SWINGING_BLADE" />
    <moveable id="37" name="Spikes" essential="false" ten="TEETH_SPIKES" />
    <moveable id="38" name="Boulder" essential="false" ten="CLASSIC_ROLLINGBALL" />
    <moveable id="39" name="Dart" hidden="true" ten="DARTS" />
    <moveable id="40" name="Wall-mounted dartgun" essential="false" ten="DART_EMITTER" />
    <moveable id="41" name="Door (opens upward)" essential="false" ten="DOOR_TYPE9" />
    <moveable id="42" name="Slamming doors" essential="false" ten="SLAMMING_DOORS" />
    <moveable id="43" name="Sword of Damocles" essential="false" ten="DAMOCLES_SWORD" />
    <moveable id="44" name="Thor's hammer's handle" essential="false" ten="THOR_HAMMER_HANDLE"/>
    <moveable id="45" name="Thor's hammer's block" essential="false" ten="THOR_HAMMER_HEAD" />
    <moveable id="46" name="Lightning ball / Some kind of box?" essential="false" ten="ELECTRIC_BALL" />
    <moveable id="47" name="Metal rod / Powered mining cart" essential="false" />
    <moveable id="48" name="Movable cubical block (pushable)" essential="false" ten="PUSHABLE_OBJECT_CLIMBABLE1" />
    <moveable id="49" name="Movable cubical block (pushable)" essential="false" ten="PUSHABLE_OBJECT_CLIMBABLE2" />
    <moveable id="50" name="Movable cubical block (pushable)" essential="false" ten="PUSHABLE_OBJECT_CLIMBABLE3" />
    <moveable id="51" name="Movable cubical block (pushable)" essential="false" ten="PUSHABLE_OBJECT_CLIMBABLE4" />
    <moveable id="52" name="Movable tall block" essential="false" ten="ANIMATING_100" />
    <moveable id="53" name="Falling ceiling" essential="false" ten="FALLING_CEILING" />
    <moveable id="54" name="Sword of Damocles" essential="false" ten="DAMOCLES_SWORD" />
    <moveable id="55" name="Above-water switch" essential="false" ten="SWITCH_TYPE10" />
    <moveable id="56" name="Underwater switch" essential="false" ten="WALL_SWITCH1" />
    <moveable id="57" name="Door" essential="false" ten="DOOR_TYPE1" />
    <moveable id="58" name="Door" essential="false" ten="DOOR_TYPE2" />
    <moveable id="59" name="Door" essential="false" ten="DOOR_TYPE3" />
    <moveable id="60" name="Door" essential="false" ten="DOOR_TYPE4" />
    <moveable id="61" name="Door" essential="false" ten="DOOR_TYPE5" />
    <moveable id="62" name="Door" essential="false" ten="DOOR_TYPE6" />
    <moveable id="63" name="Door" essential="false" ten="DOOR_TYPE7" />
    <moveable id="64" name="Door" essential="false" ten="DOOR_TYPE8" />
    <moveable id="65" name="Trapdoor (opens downward)" essential="false" ten="FLOOR_TRAPDOOR1" />
    <moveable id="66" name="Trapdoor (opens downward)" essential="false" ten="FLOOR_TRAPDOOR2" />
    <moveable id="68" name="Bridge (flat)" essential="false" ten="BRIDGE_FLAT" />
    <moveable id="69" name="Bridge (tilt = 1)" essential="false" ten="BRIDGE_TILT1" />
    <moveable id="70" name="Bridge (tilt = 2)" essential="false" ten="BRIDGE_TILT2" />
    <moveable id="71" name="Passport (opening up)" hidden="true" ten="INVENTORY_PASSPORT" />
    <moveable id="72" name="Compass" hidden="true" ten="COMPASS_ITEM" />
    <moveable id="73" name="Lara's home polaroid" hidden="true" ten="INVENTORY_POLAROID" />
    <moveable id="74" name="Cogs (animated)" essential="false" ten="ANIMATING101" />
    <moveable id="75" name="Cogs (animated)" essential="false" ten="ANIMATING102" />
    <moveable id="76" name="Cogs (animated)" essential="false" ten="ANIMATING103" />
    <moveable id="77" name="Cutscene Object 1" essential="false" ten="ANIMATING_104" />
    <moveable id="78" name="Cutscene Object 2" essential="false" ten="ANIMATING_105" />
    <moveable id="79" name="Cutscene Object 3" essential="false" ten="ANIMATING_106" />
    <moveable id="80" name="Cutscene Object 4" essential="false" ten="ANIMATING_107" />
    <moveable id="81" name="Passport (closed)" hidden="true" ten="PC_SAVE_INV_ITEM" />
    <moveable id="82" name="Natla's logo" essential="false" hidden="true" ten="ANIMATING80" />
    <moveable id="83" name="Save crystal" ten="ANIMATING81" />
    <moveable id="95" name="Sunglasses" hidden="true" ten="INVENTORY_SUNGLASSES" />
    <moveable id="96" name="Cassette player and headphones" hidden="true" ten="INVENTORY_HEADPHONES" />
    <moveable id="97" name="Direction keys" hidden="true" ten="ANIMATING83" />
    <moveable id="98" name="Flashlight" hidden="true" ten="ANIMATING84" />
    <moveable id="99" name="Pistol" id2="84" ten="PISTOLS_ITEM" />
    <moveable id="100" name="Shotgun" id2="85" ten="SHOTGUN_ITEM" />
    <moveable id="101" name="Magnum" id2="86" />
    <moveable id="102" name="Uzi" id2="87" ten="UZI_ITEM" />
    <moveable id="103" name="Pistol ammo" ten="PISTOLS_AMMO_ITEM" />
    <moveable id="104" name="Shotgun ammo" id2="89" ten="SHOTGUN_AMMO1_ITEM" />
    <moveable id="105" name="Magnum ammo" id2="90" />
    <moveable id="106" name="Uzi ammo" id2="91" ten="UZI_AMMO_ITEM" />
    <moveable id="108" name="Small medipack" id2="93" ten="SMALLMEDI_ITEM" />
    <moveable id="109" name="Large medipack" id2="94" ten="BIGMEDI_ITEM" />
    <moveable id="114" name="Puzzle 1" id2="110" ten="PUZZLE_ITEM_1" />
    <moveable id="115" name="Puzzle 2" id2="111" ten="PUZZLE_ITEM_2" />
    <moveable id="116" name="Puzzle 3" id2="112" ten="PUZZLE_ITEM_3" />
    <moveable id="117" name="Puzzle 4" id2="113" ten="PUZZLE_ITEM_4" />
    <moveable id="118" name="Slot 1 empty" ten="PUZZLE_HOLE_1" />
    <moveable id="119" name="Slot 2 empty" ten="PUZZLE_HOLE_2" />
    <moveable id="120" name="Slot 3 empty" ten="PUZZLE_HOLE_3" />
    <moveable id="121" name="Slot 4 empty" ten="PUZZLE_HOLE_4" />
    <moveable id="122" name="Slot 1 full" ten="PUZZLE_DONE_1" />
    <moveable id="123" name="Slot 2 full" ten="PUZZLE_DONE_2" />
    <moveable id="124" name="Slot 3 full" ten="PUZZLE_DONE_3" />
    <moveable id="125" name="Slot 4 full" ten="PUZZLE_DONE_4" />
    <moveable id="127" name="Lead bar" id2="126" ten="PICKUP_ITEM1" />
    <moveable id="128" name="Midas gold touch" essential="false" />
    <moveable id="133" name="Key 1" id2="129" essential="false" ten="KEY_ITEM1" />
    <moveable id="134" name="Key 2" id2="130" essential="false" ten="KEY_ITEM2" />
    <moveable id="135" name="Key 3" id2="131" essential="false" ten="KEY_ITEM3" />
    <moveable id="136" name="Key 4" id2="132" essential="false" ten="KEY_ITEM4" />
    <moveable id="137" name="Lock 1" essential="false" ten="KEY_HOLE1" />
    <moveable id="138" name="Lock 2" essential="false" ten="KEY_HOLE2" />
    <moveable id="139" name="Lock 3" essential="false" ten="KEY_HOLE3" />
    <moveable id="140" name="Lock 4" essential="false" ten="KEY_HOLE4" />
    <moveable id="145" name="Complete Scion" ten="KEY_ITEM1" />
    <moveable id="146" name="Complete Scion" ten="KEY_ITEM2" />
    <moveable id="147" name="Scion Holder" essential="false" ten="ANIMATING103" />
    <moveable id="148" name="Pickup 1" id2="141" essential="false" ten="PICKUP_ITEM1" />
    <moveable id="149" name="Pickup 2" id2="142" essential="false" ten="PICKUP_ITEM2" />
    <moveable id="150" name="Scion Piece" id2="143" id3="144" ten="KEY_ITEM_COMBO1" />
    <moveable id="161" name="Centaur statue" essential="false" ten="ANIMATING106" />
    <moveable id="162" name="Shack suspended from wire rope" essential="false" ten="ANIMATING104" />
    <moveable id="163" name="Mutant egg and holder (normal size)" essential="false" ten="ANIMATING105" />
    <moveable id="166" name="Gunflare" hidden="true" ten="GUN_FLASH" />
    <moveable id="169" name="Camera target" ten="CAMERA_TARGET" />
    <moveable id="170" name="Waterfall mist" essential="false" ten="WATERFALLMIST" />
    <moveable id="172" name="Mutant bullet" hidden="true" ten="PROJ_SHARD" />
    <moveable id="173" name="Mutant grenade" hidden="true" ten="PROJ_BOMB" />
    <moveable id="177" name="Lava particle emitter" essential="false" ten="EMBER_EMITTER" />
    <moveable id="179" name="Flame emitter" essential="false" ten="FLAME_EMITTER1" />
    <moveable id="180" name="Flowing Atlantean lava" essential="false" />
    <moveable id="181" name="Mutant egg and holder (big)" essential="false" />
    <moveable id="182" name="Motorboat" essential="false" ten="ANIMATING102" />
    <moveable id="183" name="Earthquake" essential="false" ten="EARTHQUAKE" />
    <moveable id="188" name="Flares (opening box)" id2="187" ten="FLARE_INV_ITEM" />
    <moveable id="189" name="Lara's ponytail" hidden="true" ten="HAIR" />
    <moveable id="192" name="Lara flare animation" use_body_from="0" hidden="true" ten="FLARE_ANIM" />
    <moveable id="193" name="Flare" ten="FLARE_ITEM" />
    <moveable id="194" name="Flare burning" hidden="true" />
    <moveable id="195" name="Lara skin 1" hidden="true" ten="ANIMATING106" />
    <moveable id="196" name="Lara skin 2" hidden="true" ten="ANIMATING107" />
    <moveable id="197" name="Lara skin extra" hidden="true" ten="ANIMATING108" />
    <moveable id="198" name="Lara skin guns" hidden="true" ten="ANIMATING109" />
    <moveable id="199" name="Lara skin legs" hidden="true" ten="ANIMATING110" />
    <moveable id="201" name="Lara M16 animation" use_body_from="0" hidden="true" ten="HK_ANIM" />
    <moveable id="202" name="Lara grenade-launcher animation" use_body_from="0" hidden="true" ten="GRENADE_ANIM" />
    <moveable id="203" name="Lara harpoon-gun animation" use_body_from="0" hidden="true" ten="HARPOON_ANIM" />
    <moveable id="204" name="M16" id2="241" ten="HK_ITEM"/>
    <moveable id="205" name="Grenade launcher" id2="242" ten="GRENADE_GUN_ITEM"/>
    <moveable id="206" name="Harpoon gun" id2="243" ten="HARPOON_ITEM"/>
    <moveable id="207" name="M16 ammo" id2="244" ten="HK_AMMO_ITEM"/>
    <moveable id="208" name="Grenades" id2="245" ten="GRENADE_GUN_AMMO1_ITEM"/>
    <moveable id="209" name="Harpoons" id2="246" ten="HARPOON_AMMO_ITEM"/>
    <moveable id="210" name="Gunflare (spiky)" hidden="true" />
    <moveable id="211" name="Grenade (single)" hidden="true" ten="GRENADE" />
    <moveable id="212" name="Harpoon (flying)" hidden="true" ten="HARPOON" />
    <moveable id="213" name="Lara auto-pistol animation" use_body_from="0" hidden="true" ten="PISTOLS_ANIM" />
    <moveable id="214" name="Auto-pistol" id2="248" ten="PISTOLS_ITEM"/>
    <moveable id="215" name="Auto-pistol ammo" id2="249" ten="PISTOLS_AMMO_ITEM"/>
    <moveable id="216" name="Lara Desert-Eagle animation" use_body_from="0" hidden="true" ten="REVOLVER_ANIM" />
    <moveable id="217" name="Desert Eagle" id2="251" ten="REVOLVER_ITEM" />
    <moveable id="218" name="Desert Eagle ammo" id2="252" ten="REVOLVER_AMMO_ITEM" />
    <moveable id="219" name="Lara MP5 animation" use_body_from="0" hidden="true" />
    <moveable id="220" name="MP5" id2="253" />
    <moveable id="221" name="MP5 ammo" id2="254" />
    <moveable id="222" name="Lara rocket-launcher animation" use_body_from="0" hidden="true" ten="ROCKET_ANIM" />
    <moveable id="223" name="Rocket launcher" id2="255" ten="ROCKET_LAUNCHER_ITEM" />
    <moveable id="224" name="Rocket launcher ammo" id2="256" ten="ROCKET_LAUNCHER_AMMO_ITEM" />
    <moveable id="225" name="Rocket (single)" hidden="true" ten="ROCKET"/>
</moveables>